0,Achterhoek
1,Alblasserwaard
2,Arnhem/Nijmegen
3,Amersfoort
4,Drechtsteden
5,Drenthe
6,Flevoland
7,FoodValley
8,Friesland
9,Goeree-Overflakkee
10,Hart_van_Brabant
11,Groningen_1
12,Holland_Rijnland
13,Hoeksewaard
14,Midden-Holland
15,Noord-Holland_Zuid
16,Eindhoven
17,Noord_Holland_Noord
18,Noord-en_Midden_Limburg
19,Noord-oost_Brabant
20,Noord_Veluwe
21,Rivierenland(Fruitdelta)
22,Rotterdam-Den_Haag
23,Stedendriehoek/cleantechregioi
24,Twente
25,U10/U16
26,West-Brabant
27,West-Overijssel
28,Zeeland
29,Zuid-Limburg
30,Groningen_2
31,Groningen_3
